country,yearly_avg_temp,year_
Norway,2.0665,1990
China (People's Republic of),7.635999999999998,1990
United States,9.521583333333334,1990
Colombia,25.219166666666666,1990
Liechtenstein,5.91725,1990
Sweden,4.497916666666667,1990
Saudi Arabia,26.018750000000008,1990
Estonia,6.698583333333332,1990
Cyprus,19.19441666666667,1990
Australia,22.35575,1990
Ukraine,9.400833333333333,1990
India,24.178166666666666,1990
Czech Republic,8.962666666666665,1990
Japan,13.590583333333333,1990
Poland,9.231666666666667,1990
Austria,7.344,1990
Portugal,15.742750000000001,1990
Mexico,20.96083333333333,1990
United Kingdom,9.674583333333333,1990
Netherlands,11.000333333333332,1990
Switzerland,8.255583333333334,1990
Argentina,15.155083333333332,1990
Monaco,10.135333333333335,1990
Kazakhstan,6.555750000000001,1990
France,14.038833333333335,1990
Indonesia,26.237833333333338,1990
Hungary,10.920333333333334,1990
Chile,9.831249999999999,1990
OECD - Europe,9.320416666666667,1990
Croatia,12.434416666666664,1990
Italy,13.716916666666664,1990
Spain,14.762083333333335,1990
Romania,10.226,1990
New Zealand,11.26933333333333,1990
Lithuania,7.978416666666667,1990
Iran,18.42641666666667,1990
Russia,-4.022916666666667,1990
South Africa,17.72833333333333,1990
Türkiye,12.032499999999999,1990
Iceland,1.77475,1990
Greece,15.499333333333333,1990
Canada,-5.021916666666667,1990
Luxembourg,10.590916666666667,1990
Finland,2.943250000000001,1990
Costa Rica,26.290249999999997,1990
Brazil,25.27491666666667,1990
Slovenia,10.726333333333331,1990
Malta,19.561749999999996,1990
Denmark,-17.87033333333333,1990
Ireland,10.312666666666667,1990
Bulgaria,11.597666666666667,1990
Belgium,10.935333333333334,1990
Israel,20.129833333333334,1990
Peru,20.233083333333333,1990
Latvia,7.325666666666667,1990
Germany,9.6895,1990
Belarus,7.757416666666667,1990
